START,REBOOT_DUR,REBOOT_END,l1_launch,get_offsets,create_base,save_nvmcs,inspect_l2,recalc_offsets,replace_cpu,hypercall,update_eptp,flow_migration,restore,wl_tstamp,fi_tstamp,l0_rdtsc,dolma_tsc,crash_tstamp,base_save_start,base_save_end,INJ_REG,INJ_BIT,INJ_SLEEP,fi_tsc,fi_rip,fi_rbp,fi_rsp,fi_rax,fi_rbx,fi_rcx,fi_rdx,fi_r8,fi_r9,fi_r10,fi_r11,fi_r12,fi_r13,fi_r14,fi_r15,migr_totalPages,migr_super1Gb,migr_super2Mb,migr_p2m,migr_l0,migr_l1,migr_l2,migr_l3,PING_PATH_L2,PING_PATH_L1A,PING_PATH_L1B,PING_PATH_L0,SAR_LOG_PATH,CSV_PATH,detection_lat,real_fi_tstamp
1586827324765.0,138513.0,1586827916138.0,44046.0,324.0,57066.0,143.0,15.0,75.0,113.0,11263.0,87.0,11985.0,2076.0,1586827560472.0,1586827590982.0,18745495101516.0,1586827334308.0,1586827605137.0,1586827501401.0,1586827558467.0,1.0,18.0,30.505,19309741953540.0,FFFF82D08027A35E,FFFF8300EF7C3000,FFFF8300EF687DD8,1,FFFF8300EF662000,49,0,D01,3BA1513ACB,FFFF830331500E80,FFFF82D0805BF500,FFFF830326ADD000,0,FFFF83033150F000,F4240,769592.0,0.0,0.0,1515.0,1.0,1.0,4.0,1509.0,ping_1_192.168.66.103_1586827324765.csv,ping_1_192.168.66.101_1586827324765.csv,ping_1_192.168.66.102_1586827324765.csv,ping_1_192.168.66.3_1586827324765.csv,sar_1_1586827324765.bin,d1_1586827324765.csv,14155.0,257075.8803042556
1586827921169.0,129077.0,1586828472170.0,47129.0,352.0,55840.0,144.0,15.0,48.0,114.0,11150.0,115.0,11884.0,2047.0,1586828160306.0,1586828182657.0,20055505982128.0,1586827931174.0,1586828196904.0,1586828102461.0,1586828158301.0,0.0,26.0,22.347,20608412865532.0,FFFF82D080327610,FFFFB9C380003E60,FFFF8300EF687F70,FFFFFFFF8B02FC80,FFFFFFFFFFFFFFFF,FFFE5276,1,FFFFB9C38034BCF8,0,0,0,FFFFB9C380353778,0,65A3B50F10,FFFF99AAF7C20140,769592.0,0.0,0.0,1515.0,1.0,1.0,4.0,1509.0,ping_2_192.168.66.103_1586827921169.csv,ping_2_192.168.66.101_1586827921169.csv,ping_2_192.168.66.102_1586827921169.csv,ping_2_192.168.66.3_1586827921169.csv,sar_2_1586827921169.bin,d2_1586827921169.csv,14247.0,251909.28982146966
1586828477203.0,132763.0,1586829037569.0,44229.0,341.0,58055.0,144.0,14.0,74.0,116.0,11969.0,173.0,12787.0,2063.0,1586828714137.0,1586828746049.0,21276205130836.0,1586828487348.0,1586828760352.0,1586828654077.0,1586828712132.0,1.0,39.0,31.908,21845003028506.0,FFFF82D08033614B,FFFF83032C1F2A80,FFFF8300EF687868,0,0,0,0,1,0,FFFF8300EF687FFF,0,0,1,0,55459,769592.0,0.0,0.0,1515.0,1.0,1.0,4.0,1509.0,ping_3_192.168.66.103_1586828477203.csv,ping_3_192.168.66.101_1586828477203.csv,ping_3_192.168.66.102_1586828477203.csv,ping_3_192.168.66.3_1586828477203.csv,sar_3_1586828477203.bin,d3_1586828477203.csv,14303.0,259149.3771462026
1586829042602.0,135761.0,1586829599793.0,45038.0,279.0,59660.0,157.0,15.0,67.0,122.0,11407.0,120.0,12201.0,2148.0,1586829283814.0,1586829304345.0,22517627078052.0,1586829052964.0,1586829318764.0,1586829222149.0,1586829281809.0,1.0,28.0,20.527,23070322363050.0,FFFF82D080327610,FFFE4D6A,FFFF8300EF687F70,0,FFFF9483B7C21F20,20,0,FFFF9483B7C20180,1,0,0,0,0,0,0,769592.0,0.0,0.0,1515.0,1.0,1.0,4.0,1509.0,ping_4_192.168.66.103_1586829042602.csv,ping_4_192.168.66.101_1586829042602.csv,ping_4_192.168.66.102_1586829042602.csv,ping_4_192.168.66.3_1586829042602.csv,sar_4_1586829042602.bin,d4_1586829042602.csv,14419.0,251812.8837071984
1586829604826.0,128233.0,1586830148868.0,43013.0,368.0,54949.0,161.0,14.0,66.0,114.0,11603.0,146.0,12396.0,2087.0,1586829837745.0,1586829853971.0,23751239262344.0,1586829615022.0,1586829868548.0,1586829780791.0,1586829835740.0,0.0,40.0,16.221,24276932852698.0,FFFF82D080327610,0,FFFF8300EF687F70,89,2C89,0,2C88,0,0,0,0,86,0,0,0,769592.0,0.0,0.0,1515.0,1.0,1.0,4.0,1509.0,ping_5_192.168.66.103_1586829604826.csv,ping_5_192.168.66.101_1586829604826.csv,ping_5_192.168.66.102_1586829604826.csv,ping_5_192.168.66.3_1586829604826.csv,sar_5_1586829604826.bin,d5_1586829604826.csv,14577.0,239510.6716604438
1586830153901.0,138049.0,1586830663974.0,41613.0,356.0,58293.0,132.0,15.0,66.0,111.0,11434.0,188.0,12255.0,1855.0,1586830388768.0,1586830410792.0,24955312166624.0,1586830163620.0,1586830424953.0,1586830328469.0,1586830386762.0,1.0,46.0,22.02,25498677269748.0,FFFF82D08032267E,FFFF8300EF687EF8,FFFF8300EF687EA8,0,FFFF8300EF662000,14F165,FFFF83032C1F2D80,0,0,0,0,FFFF83032C1F2A80,124B,0,0,769592.0,0.0,0.0,1515.0,1.0,1.0,4.0,1509.0,ping_6_192.168.66.103_1586830153901.csv,ping_6_192.168.66.101_1586830153901.csv,ping_6_192.168.66.102_1586830153901.csv,ping_6_192.168.66.3_1586830153901.csv,sar_6_1586830153901.bin,d6_1586830153901.csv,14161.0,247561.9699270798
1586830669006.0,128812.0,1586831219873.0,41413.0,293.0,58225.0,161.0,26.0,63.0,99.0,11537.0,148.0,12330.0,2096.0,1586830903465.0,1586830933833.0,26086096130452.0,1586830678828.0,1586830948348.0,1586830843234.0,1586830901459.0,1.0,47.0,30.364,26646884668550.0,FFFF82D080379466,0,FFFF8300EF687EF8,1,0,48,0,0,0,0,0,0,0,0,0,769592.0,0.0,0.0,1515.0,1.0,1.0,4.0,1509.0,ping_7_192.168.66.103_1586830669006.csv,ping_7_192.168.66.101_1586830669006.csv,ping_7_192.168.66.102_1586830669006.csv,ping_7_192.168.66.3_1586830669006.csv,sar_7_1586830669006.bin,d7_1586830669006.csv,14515.0,255500.24174516427
1586831224906.0,133788.0,1586831790031.0,41513.0,295.0,57586.0,144.0,15.0,66.0,113.0,11716.0,108.0,12444.0,1863.0,1586831456950.0,1586831493650.0,27306026728158.0,1586831234652.0,1586831508030.0,1586831397358.0,1586831454944.0,0.0,53.0,36.696,27875344448454.0,FFFF82D080327610,FFFF94AE35506898,FFFF8300EF687F70,FFFF80AC,FFFF94AE35506000,11,FFFFB933C0031000,0,0,0,0,FFFF94AE35506890,FFFFB933C0003E3C,5,FFFF94AD8FC17C00,769592.0,0.0,0.0,1515.0,1.0,1.0,4.0,1509.0,ping_8_192.168.66.103_1586831224906.csv,ping_8_192.168.66.101_1586831224906.csv,ping_8_192.168.66.102_1586831224906.csv,ping_8_192.168.66.3_1586831224906.csv,sar_8_1586831224906.bin,d8_1586831224906.csv,14380.0,259386.2129543275
1586831795063.0,129627.0,1586832356655.0,41537.0,377.0,58462.0,161.0,14.0,66.0,96.0,11616.0,108.0,12345.0,1867.0,1586832030701.0,1586832069608.0,28557856073908.0,1586831805009.0,1586832083902.0,1586831970233.0,1586832028695.0,1.0,8.0,38.903,29139828166542.0,FFFF82D0BFFFF047,FFFF8880059B4000,FFFF8300EF687A70,9,FFFF8880059B4130,8A2010E43C,C140,11,3000,0,FFFF888025834000,FFFF8880059B6040,FFFFFFFFC0142C50,FFFF8880059B4000,0,769592.0,0.0,0.0,1515.0,1.0,1.0,4.0,1509.0,ping_9_192.168.66.103_1586831795063.csv,ping_9_192.168.66.101_1586831795063.csv,ping_9_192.168.66.102_1586831795063.csv,ping_9_192.168.66.3_1586831795063.csv,sar_9_1586831795063.bin,d9_1586831795063.csv,14294.0,265151.6574522807
1586832361687.0,136933.0,1586833328751.0,43238.0,474.0,57256.0,144.0,14.0,66.0,115.0,11479.0,105.0,12208.0,2120.0,1586832597222.0,1586832623695.0,29801710850442.0,1586832371733.0,1586832638024.0,1586832537961.0,1586832595217.0,1.0,15.0,26.468,30355636033122.0,FFFF82D08023A7BB,FFFF8300EF662000,FFFF8300EF687E38,1,FFFF8300EF7C3000,0,1,FFFF82D0805BF520,3A83079102,FFFF830331500E80,FFFF82D0805BF500,2,3A82FBB2E0,FFFF82D0805BF508,F4240,769592.0,0.0,0.0,1515.0,1.0,1.0,4.0,1509.0,ping_10_192.168.66.103_1586832361687.csv,ping_10_192.168.66.101_1586832361687.csv,ping_10_192.168.66.102_1586832361687.csv,ping_10_192.168.66.3_1586832361687.csv,sar_10_1586832361687.bin,d10_1586832361687.csv,14329.0,252373.23602134985
1586833333784.0,129276.0,1586833922709.0,45313.0,345.0,58392.0,160.0,15.0,66.0,106.0,11217.0,108.0,11969.0,2097.0,1586833573610.0,1586833590470.0,31935501230798.0,1586833343929.0,1586833604925.0,1586833513212.0,1586833571604.0,1.0,49.0,16.856,32477663038820.0,FFFF82D08037925D,0,FFFF8300EF687EF8,0,FFFF8300EF7C3000,48,0,0,8000000326A2A001,0,0,0,0,0,0,769592.0,0.0,0.0,1515.0,1.0,1.0,4.0,1509.0,ping_11_192.168.66.103_1586833333784.csv,ping_11_192.168.66.101_1586833333784.csv,ping_11_192.168.66.102_1586833333784.csv,ping_11_192.168.66.3_1586833333784.csv,sar_11_1586833333784.bin,d11_1586833333784.csv,14455.0,247013.73798479635
1586833927740.0,137646.0,1586834485825.0,43047.0,391.0,56331.0,190.0,15.0,68.0,117.0,11672.0,123.0,12520.0,1836.0,1586834159387.0,1586834177783.0,33237573730042.0,1586833937179.0,1586834191878.0,1586834101051.0,1586834157382.0,1.0,9.0,18.391,33766533355126.0,FFFF82D080379410,0,FFFF8300EF687EF8,0,0,0,0,0,0,0,0,561829F38FE0,7FFE81270450,0,0,769592.0,0.0,0.0,1515.0,1.0,1.0,4.0,1509.0,ping_12_192.168.66.103_1586833927740.csv,ping_12_192.168.66.101_1586833927740.csv,ping_12_192.168.66.102_1586833927740.csv,ping_12_192.168.66.3_1586833927740.csv,sar_12_1586833927740.bin,d12_1586833927740.csv,14095.0,240998.70610903177
1586834490856.0,135551.0,1586835046707.0,45047.0,478.0,57609.0,141.0,14.0,66.0,110.0,12083.0,128.0,12854.0,1851.0,1586834726134.0,1586834742817.0,34474843808276.0,1586834500903.0,1586834757725.0,1586834666520.0,1586834724129.0,0.0,0.0,16.678,35007802755910.0,FFFF82D080327610,7F69350484F0,FFFF8300EF687F70,1,1,18,B4,7F6935048530,7FFD7BFC60B0,2F5F0,B600DED9F7600,7F6935048530,7F69350485A8,0,1C57800,769592.0,0.0,0.0,1515.0,1.0,1.0,4.0,1509.0,ping_13_192.168.66.103_1586834490856.csv,ping_13_192.168.66.101_1586834490856.csv,ping_13_192.168.66.102_1586834490856.csv,ping_13_192.168.66.3_1586834490856.csv,sar_13_1586834490856.bin,d13_1586834490856.csv,14908.0,242820.833005219
1586835051740.0,134774.0,1586835608006.0,44996.0,349.0,57183.0,145.0,15.0,67.0,109.0,11811.0,109.0,12563.0,2082.0,1586835288025.0,1586835317814.0,35705383415108.0,1586835061560.0,1586835331933.0,1586835228837.0,1586835286020.0,1.0,46.0,29.784,36268734312618.0,FFFF82D0802D7BCB,3FFFFFFFFFFFFDE7,FFFF8300EF687D30,E7,FFFF8300EF7C3000,0,0,FFFF82D0805BF520,3B7ED32866,FFFF830331500E80,FFFF82D0805BF500,0,FFFF8300EF7C3000,FFFF83033150F000,FFFF8300EF687EF8,769592.0,0.0,0.0,1515.0,1.0,1.0,4.0,1509.0,ping_14_192.168.66.103_1586835051740.csv,ping_14_192.168.66.101_1586835051740.csv,ping_14_192.168.66.102_1586835051740.csv,ping_14_192.168.66.3_1586835051740.csv,sar_14_1586835051740.bin,d14_1586835051740.csv,14119.0,256667.67546523362
1586835613038.0,137432.0,1586836173689.0,44029.0,349.0,57918.0,161.0,15.0,66.0,103.0,11331.0,117.0,12089.0,2098.0,1586835848032.0,1586835874058.0,36936874016444.0,1586835622651.0,1586835888433.0,1586835788108.0,1586835846026.0,1.0,39.0,26.021,37489925400738.0,FFFF82D080327610,BF26B,FFFF8300EF687F70,0,FFFF8CD10FC14800,20,FFFF99DB40006000,FFFF8CD1B7C20180,100000,0,0,0,FFFF8CD1B7C201B8,FFFF8CD1B7C201F8,FFFF8CD1B7C20238,769592.0,0.0,0.0,1515.0,1.0,1.0,4.0,1509.0,ping_15_192.168.66.103_1586835613038.csv,ping_15_192.168.66.101_1586835613038.csv,ping_15_192.168.66.102_1586835613038.csv,ping_15_192.168.66.3_1586835613038.csv,sar_15_1586835613038.bin,d15_1586835613038.csv,14375.0,251975.12571114852
1586836178722.0,134702.0,1586836746196.0,48113.0,531.0,55799.0,157.0,14.0,66.0,115.0,11870.0,130.0,12652.0,1864.0,1586836415624.0,1586836452805.0,38179832327146.0,1586836188966.0,1586836467146.0,1586836357819.0,1586836413618.0,0.0,39.0,37.177,38759787115872.0,FFFF82D080327610,0,FFFF8300EF687F70,86,2C89,0,2C88,0,0,0,0,86,0,0,0,769592.0,0.0,0.0,1515.0,1.0,1.0,4.0,1509.0,ping_16_192.168.66.103_1586836178722.csv,ping_16_192.168.66.101_1586836178722.csv,ping_16_192.168.66.102_1586836178722.csv,ping_16_192.168.66.3_1586836178722.csv,sar_16_1586836178722.bin,d16_1586836178722.csv,14341.0,264232.5558638003
1586836751229.0,141513.0,1586837332037.0,47005.0,367.0,56519.0,136.0,14.0,66.0,110.0,12136.0,93.0,12851.0,1893.0,1586836994597.0,1586837011644.0,39435868347410.0,1586836761241.0,1586837025758.0,1586836936072.0,1586836992591.0,1.0,21.0,17.043,39986407608558.0,FFFF82D08031F238,FFFF83033150F000,FFFF8300EF687D78,0,FFFF8300EF662000,C0000081,E023E008,8,3A26ACC84F,FFFF83032C114450,FFFF82D0805BF500,0,FFFF8300EF662000,FFFF8303240F5000,FFFF8300EF687EF8,769592.0,0.0,0.0,1515.0,1.0,1.0,4.0,1509.0,ping_17_192.168.66.103_1586836751229.csv,ping_17_192.168.66.101_1586836751229.csv,ping_17_192.168.66.102_1586836751229.csv,ping_17_192.168.66.3_1586836751229.csv,sar_17_1586836751229.bin,d17_1586836751229.csv,14114.0,250830.58008032385
1586837337068.0,139380.0,1586837907178.0,41046.0,382.0,54838.0,144.0,14.0,66.0,113.0,11920.0,219.0,12772.0,1817.0,1586837567146.0,1586837609394.0,40722120102568.0,1586837347282.0,1586837623730.0,1586837510302.0,1586837565140.0,0.0,42.0,42.244,41298264067424.0,FFFF82D080327610,2F73E30C0A,FFFF8300EF687F70,FFFFFFFFA382FC80,0,FFFF9A2077C20238,FFFF9A2077C201F8,0,0,0,0,FFFF9A2077C201B8,FFFF9A2077C2010C,FFFF9A2077C201F8,315FE,769592.0,0.0,0.0,1515.0,1.0,1.0,4.0,1509.0,ping_18_192.168.66.103_1586837337068.csv,ping_18_192.168.66.101_1586837337068.csv,ping_18_192.168.66.102_1586837337068.csv,ping_18_192.168.66.3_1586837337068.csv,sar_18_1586837337068.bin,d18_1586837337068.csv,14336.0,262496.310641429
1586837912210.0,133487.0,1586838486810.0,41896.0,364.0,57231.0,194.0,15.0,65.0,90.0,11210.0,99.0,11953.0,1856.0,1586838146344.0,1586838175066.0,41983954268048.0,1586837922197.0,1586838189651.0,1586838087108.0,1586838144339.0,1.0,50.0,28.717,42540250949848.0,FFFF82D08031CD6D,FFFF8303266E0000,FFFF8300EF687D78,FFFFFFFFB4200010,FFFF8300EF662000,C0000082,FFFFFFFF,2,3AC7DCC8D4,FFFF830331500E80,FFFF82D0805BF500,0,FFFF8300EF7C3000,FFFF83033150F000,3,769592.0,0.0,0.0,1515.0,1.0,1.0,4.0,1509.0,ping_19_192.168.66.103_1586837912210.csv,ping_19_192.168.66.101_1586837912210.csv,ping_19_192.168.66.102_1586837912210.csv,ping_19_192.168.66.3_1586837912210.csv,sar_19_1586837912210.bin,d19_1586837912210.csv,14585.0,253453.71209618816
1586838491840.0,129279.0,1586839055668.0,44046.0,314.0,55370.0,157.0,14.0,68.0,119.0,11529.0,127.0,12331.0,2125.0,1586838724552.0,1586838737402.0,43256195722682.0,1586838501855.0,1586838751586.0,1586838667176.0,1586838722546.0,1.0,29.0,12.846,43774142774084.0,FFFF82D08027D37C,FFFF83033150F000,FFFF8300EF687D78,8005003B,FFFF8300EF7C3000,0,0,8,36BA0D9F00,FFFF83032C114450,FFFF82D0805BF500,0,FFFF8300EF662000,FFFF8303266B6000,FFFF8300EF687EF8,769592.0,0.0,0.0,1515.0,1.0,1.0,4.0,1509.0,ping_20_192.168.66.103_1586838491840.csv,ping_20_192.168.66.101_1586838491840.csv,ping_20_192.168.66.102_1586838491840.csv,ping_20_192.168.66.3_1586838491840.csv,sar_20_1586838491840.bin,d20_1586838491840.csv,14184.0,235981.27966959245
1586839060699.0,135053.0,1586839637783.0,47122.0,250.0,58728.0,177.0,14.0,67.0,119.0,11855.0,158.0,12679.0,1875.0,1586839301660.0,1586839342566.0,44504403522406.0,1586839070562.0,1586839356671.0,1586839240927.0,1586839299655.0,0.0,57.0,40.901,45102281616850.0,FFFF82D0802416EC,0,FFFF8300EF687DC8,A,1,5,A,FFFF830331550F10,2,3F2D906789,0,FFFF82D0805BF680,96,FFFF82D0805BF680,FFFF82D0805AA520,769592.0,0.0,0.0,1515.0,1.0,1.0,4.0,1509.0,ping_21_192.168.66.103_1586839060699.csv,ping_21_192.168.66.101_1586839060699.csv,ping_21_192.168.66.102_1586839060699.csv,ping_21_192.168.66.3_1586839060699.csv,sar_21_1586839060699.bin,d21_1586839060699.csv,14105.0,272398.5732352559
1586839642815.0,133076.0,1586840228649.0,44988.0,341.0,56609.0,160.0,15.0,66.0,113.0,11315.0,108.0,12060.0,1864.0,1586839878717.0,1586839909885.0,45782058931946.0,1586839652686.0,1586839924223.0,1586839820103.0,1586839876712.0,0.0,0.0,31.163,46347771043910.0,FFFF82D0802AC99E,FFFFFFFF82003DE8,FFFF8300EF687DE0,FFFF7FFF82003DE8,10,0,10,3F977157,FFFFFFFF820084B8,0,0,FFFF83033150F000,0,FFFFFFFFFFFFFFEA,FFFFFFFF820084B8,769592.0,0.0,0.0,1515.0,1.0,1.0,4.0,1509.0,ping_22_192.168.66.103_1586839642815.csv,ping_22_192.168.66.101_1586839642815.csv,ping_22_192.168.66.102_1586839642815.csv,ping_22_192.168.66.3_1586839642815.csv,sar_22_1586839642815.bin,d22_1586839642815.csv,14338.0,257743.46575484143
1586840233681.0,139358.0,1586840791640.0,47979.0,353.0,55815.0,145.0,15.0,66.0,111.0,11365.0,149.0,12144.0,2101.0,1586840473423.0,1586840485897.0,47080254448832.0,1586840244169.0,1586840500038.0,1586840415603.0,1586840471418.0,1.0,5.0,12.469,47611785151486.0,FFFF82D08031F269,FFFF83033150F000,FFFF8300EF687D78,74700,FFFF8300EF662000,C0000084,0,8,382B85C5C2,FFFF83032C114450,FFFF82D0805BF500,0,FFFF8300EF662000,FFFF8303220D9000,FFFF8300EF687EF8,769592.0,0.0,0.0,1515.0,1.0,1.0,4.0,1509.0,ping_23_192.168.66.103_1586840233681.csv,ping_23_192.168.66.101_1586840233681.csv,ping_23_192.168.66.102_1586840233681.csv,ping_23_192.168.66.3_1586840233681.csv,sar_23_1586840233681.bin,d23_1586840233681.csv,14141.0,242170.11189936512
1586840796673.0,134114.0,1586841819436.0,48355.0,308.0,58794.0,144.0,14.0,66.0,115.0,11343.0,107.0,12083.0,2070.0,1586841039158.0,1586841053427.0,48316098027546.0,1586840807243.0,1586841067849.0,1586840978359.0,1586841037153.0,1.0,36.0,14.264,48857650649942.0,FFFF82D08027D0C0,3FFFFFFFFFFFFDE7,FFFF8300EF687D38,1,FFFF8300EF7C3000,0,0,8,3930430F27,FFFF830331500E80,FFFF82D0805BF500,0,FFFF8300EF7C3000,FFFF83033150F000,FFFF8300EF687EF8,769592.0,0.0,0.0,1515.0,1.0,1.0,4.0,1509.0,ping_24_192.168.66.103_1586840796673.csv,ping_24_192.168.66.101_1586840796673.csv,ping_24_192.168.66.102_1586840796673.csv,ping_24_192.168.66.3_1586840796673.csv,sar_24_1586840796673.bin,d24_1586840796673.csv,14422.0,246736.18759969293
1586841824468.0,134223.0,1586842378518.0,46038.0,326.0,56226.0,161.0,14.0,74.0,107.0,11285.0,124.0,12053.0,2164.0,1586842063429.0,1586842087336.0,50570348373196.0,1586841834322.0,1586842101726.0,1586842005197.0,1586842061423.0,0.0,42.0,23.903,51126551993996.0,FFFF82D080327610,FFFFABC60048BC70,FFFF8300EF687F70,0,FFFF9ED237C23780,64,1,FFFFABC60048BCF0,FFFF9ED1D0231088,FFFFABC60048BD58,FFFFABC60048BD48,FFFF9ED237C23780,FFFF9ED1CFCA4E00,FFFF9ED1D0231080,FFFF9ED1CFCA4E00,769592.0,0.0,0.0,1515.0,1.0,1.0,4.0,1509.0,ping_25_192.168.66.103_1586841824468.csv,ping_25_192.168.66.101_1586841824468.csv,ping_25_192.168.66.102_1586841824468.csv,ping_25_192.168.66.3_1586841824468.csv,sar_25_1586841824468.bin,d25_1586841824468.csv,14390.0,253411.3126775451
1586842383551.0,132062.0,1586842969518.0,42513.0,268.0,56969.0,141.0,14.0,76.0,102.0,11535.0,96.0,12263.0,2082.0,1586842616418.0,1586842633313.0,51797394089980.0,1586842393388.0,1586842647704.0,1586842557444.0,1586842614413.0,0.0,31.0,16.889,52324925395514.0,FFFF82D0BFFFF047,50,FFFF8300EF687A70,4,FFFF888005BAC000,0,C142,0,FFFFFFFFC01A1C40,FFFF8880200014B0,0,FFFF888005BAC130,1,0,0,769592.0,0.0,0.0,1515.0,1.0,1.0,4.0,1509.0,ping_26_192.168.66.103_1586842383551.csv,ping_26_192.168.66.101_1586842383551.csv,ping_26_192.168.66.102_1586842383551.csv,ping_26_192.168.66.3_1586842383551.csv,sar_26_1586842383551.bin,d26_1586842383551.csv,14391.0,240347.95102842315
1586842974549.0,133199.0,1586843561908.0,47421.0,354.0,57154.0,175.0,14.0,76.0,109.0,11144.0,110.0,11930.0,1843.0,1586843214859.0,1586843233731.0,53095315075792.0,1586842984746.0,1586843248101.0,1586843155699.0,1586843212853.0,0.0,21.0,18.868,53642718316000.0,FFFF82D080327610,FFFF9062B7C23780,FFFF8300EF687F70,0,FFFF9062B7C23780,0,1,1,0,0,0,FFFF90625CF0DB00,FFFF90625C065000,0,0,769592.0,0.0,0.0,1515.0,1.0,1.0,4.0,1509.0,ping_27_192.168.66.103_1586842974549.csv,ping_27_192.168.66.101_1586842974549.csv,ping_27_192.168.66.102_1586842974549.csv,ping_27_192.168.66.3_1586842974549.csv,sar_27_1586842974549.bin,d27_1586842974549.csv,14370.0,249401.78106990634
1586843566940.0,135848.0,1586844136891.0,48055.0,415.0,58099.0,152.0,20.0,69.0,116.0,11915.0,169.0,12733.0,2079.0,1586843808185.0,1586843844366.0,54395302674894.0,1586843577045.0,1586843858653.0,1586843748081.0,1586843806180.0,0.0,60.0,36.176,54982952461852.0,FFFF82D080327610,FFFF8B678FC172A4,FFFF8300EF687F70,88,0,0,FFFFFFFE,6D,100000,0,0,0,0,0,0,769592.0,0.0,0.0,1515.0,1.0,1.0,4.0,1509.0,ping_28_192.168.66.103_1586843566940.csv,ping_28_192.168.66.101_1586843566940.csv,ping_28_192.168.66.102_1586843566940.csv,ping_28_192.168.66.3_1586843566940.csv,sar_28_1586843566940.bin,d28_1586843566940.csv,14287.0,267738.46544457175
1586844141923.0,132006.0,1586844767873.0,44054.0,300.0,56774.0,174.0,14.0,76.0,116.0,11650.0,111.0,12440.0,2059.0,1586844377492.0,1586844401246.0,55656679620948.0,1586844151752.0,1586844415355.0,1586844318712.0,1586844375486.0,0.0,56.0,23.75,56205316827196.0,FFFF82D080327610,3,FFFF8300EF687F70,1E1A5,6636206D0F,0,6636224EB4,73746E657665,8080808080808080,0,1,10BFA,FFFFFFFFB41D5A00,1,0,769592.0,0.0,0.0,1515.0,1.0,1.0,4.0,1509.0,ping_29_192.168.66.103_1586844141923.csv,ping_29_192.168.66.101_1586844141923.csv,ping_29_192.168.66.102_1586844141923.csv,ping_29_192.168.66.3_1586844141923.csv,sar_29_1586844141923.bin,d29_1586844141923.csv,14109.0,249963.98696411852
1586844772906.0,143798.0,1586845344973.0,48047.0,371.0,59332.0,144.0,15.0,74.0,120.0,11642.0,107.0,12395.0,1834.0,1586845015075.0,1586845056244.0,57042156358792.0,1586844783002.0,1586845070645.0,1586844953737.0,1586845013069.0,1.0,25.0,41.164,57642863738278.0,FFFF82D0803721BB,0,FFFF8300EF687EF0,1,FFFF8300EF7C3000,8000000326AAC000,0,0,0,0,0,0,0,0,0,769592.0,0.0,0.0,1515.0,1.0,1.0,4.0,1509.0,ping_30_192.168.66.103_1586844772906.csv,ping_30_192.168.66.101_1586844772906.csv,ping_30_192.168.66.102_1586844772906.csv,ping_30_192.168.66.3_1586844772906.csv,sar_30_1586844772906.bin,d30_1586844772906.csv,14401.0,273687.6206445499
1586845350004.0,146672.0,1586845935314.0,51946.0,298.0,58188.0,144.0,15.0,66.0,98.0,11684.0,107.0,12407.0,2248.0,1586845594882.0,1586845611530.0,58308746362888.0,1586845360084.0,1586845626217.0,1586845534688.0,1586845592876.0,1.0,58.0,16.643,58862331423114.0,FFFF82D0803276EE,0,FFFF8300EF687EF8,1,FFFF8300EF662000,48,0,0,0,0,0,0,0,0,0,769592.0,0.0,0.0,1515.0,1.0,1.0,4.0,1509.0,ping_31_192.168.66.103_1586845350004.csv,ping_31_192.168.66.101_1586845350004.csv,ping_31_192.168.66.102_1586845350004.csv,ping_31_192.168.66.3_1586845350004.csv,sar_31_1586845350004.bin,d31_1586845350004.csv,14687.0,252218.2732086028
1586845940345.0,139505.0,1586846516988.0,41447.0,311.0,59478.0,160.0,14.0,75.0,105.0,11449.0,92.0,12181.0,1863.0,1586846176689.0,1586846217484.0,59603923860386.0,1586845950192.0,1586846231659.0,1586846115206.0,1586846174684.0,1.0,28.0,40.79,60191650121584.0,FFFF82D0803080E5,FFFF830326A7E000,FFFF8300EF687E40,0,FFFF8300EF662000,200,FFFF830326A7E000,22,FFFF830326A7E5C8,FFFF8300EF662000,0,0,0,4016,0,769592.0,0.0,0.0,1515.0,1.0,1.0,4.0,1509.0,ping_32_192.168.66.103_1586845940345.csv,ping_32_192.168.66.101_1586845940345.csv,ping_32_192.168.66.102_1586845940345.csv,ping_32_192.168.66.3_1586845940345.csv,sar_32_1586845940345.bin,d32_1586845940345.csv,14175.0,267773.3077879505
1586846522020.0,151384.0,1586847519293.0,44038.0,377.0,58244.0,145.0,15.0,65.0,110.0,11429.0,150.0,12210.0,2085.0,1586846756917.0,1586846795930.0,60880847412568.0,1586846531983.0,1586846810060.0,1586846696667.0,1586846754911.0,0.0,17.0,39.009,61461133084534.0,FFFF82D08031F25D,FFFF83033150F000,FFFF8300EF687D78,FFFF82D0BFFFF000,FFFF8300EF662000,C0000082,FFFF82D0,8,3D50229CAC,FFFF83032C114450,FFFF82D0805BF500,0,FFFF8300EF662000,FFFF830322151000,FFFF8300EF687EF8,769592.0,0.0,0.0,1515.0,1.0,1.0,4.0,1509.0,ping_33_192.168.66.103_1586846522020.csv,ping_33_192.168.66.101_1586846522020.csv,ping_33_192.168.66.102_1586846522020.csv,ping_33_192.168.66.3_1586846522020.csv,sar_33_1586846522020.bin,d33_1586846522020.csv,14130.0,264383.309208539
1586847524324.0,156768.0,1586848041566.0,43404.0,395.0,58096.0,128.0,14.0,74.0,110.0,11307.0,121.0,12052.0,2075.0,1586847760587.0,1586847773253.0,63080665892046.0,1586847534262.0,1586847787964.0,1586847700486.0,1586847758582.0,1.0,28.0,12.66,63607318142862.0,FFFF82D080327610,7FEA6A459D70,FFFF8300EF687F70,1,1,1,7FEA6A459DB0,7FEA6A459DB0,7FFC2ABE00B0,7FEC015FA960,7FEBE979BB60,7FEA6A459DB0,7FEA6A459E30,0,7FEBC4173000,769592.0,0.0,0.0,1515.0,1.0,1.0,4.0,1509.0,ping_34_192.168.66.103_1586847524324.csv,ping_34_192.168.66.101_1586847524324.csv,ping_34_192.168.66.102_1586847524324.csv,ping_34_192.168.66.3_1586847524324.csv,sar_34_1586847524324.bin,d34_1586847524324.csv,14711.0,239947.44588664907
1586848046599.0,134953.0,1586848611007.0,45046.0,349.0,56750.0,141.0,14.0,75.0,128.0,11799.0,133.0,12603.0,2072.0,1586848284458.0,1586848300144.0,64226996904284.0,1586848056553.0,1586848314795.0,1586848225703.0,1586848282453.0,1.0,62.0,15.681,64763342052532.0,FFFF82D0BFFFF047,FFFF888005A50150,FFFF8300EF687A70,8,FFFF888005A50000,7F7D3AFB0E,1F2,1,D000,0,FFFF888025834000,2,FFFFFFFFC010EC50,FFFF888005A50000,0,769592.0,0.0,0.0,1515.0,1.0,1.0,4.0,1509.0,ping_35_192.168.66.103_1586848046599.csv,ping_35_192.168.66.101_1586848046599.csv,ping_35_192.168.66.102_1586848046599.csv,ping_35_192.168.66.3_1586848046599.csv,sar_35_1586848046599.bin,d35_1586848046599.csv,14651.0,244363.6160984844
1586848616038.0,135871.0,1586849176089.0,42080.0,307.0,57681.0,145.0,15.0,66.0,101.0,11332.0,80.0,12024.0,2099.0,1586848850016.0,1586848882937.0,65477032947168.0,1586848626093.0,1586848897379.0,1586848790329.0,1586848848010.0,1.0,61.0,32.917,66041826657080.0,FFFF82D080327610,C4896,FFFF8300EF687F70,FFFFB5EA00006000,FFFF97B84FC14800,20,E059DAFD,FFFF97B8F7C20180,100000,0,0,0,FFFF97B8F7C201B8,FFFF97B8F7C201F8,FFFF97B8F7C20238,769592.0,0.0,0.0,1515.0,1.0,1.0,4.0,1509.0,ping_36_192.168.66.103_1586848616038.csv,ping_36_192.168.66.101_1586848616038.csv,ping_36_192.168.66.102_1586848616038.csv,ping_36_192.168.66.3_1586848616038.csv,sar_36_1586848616038.bin,d36_1586848616038.csv,14442.0,257325.03361801297
1586849181122.0,148177.0,1586849785639.0,45229.0,292.0,54543.0,160.0,26.0,63.0,118.0,11700.0,112.0,12470.0,2095.0,1586849414381.0,1586849448944.0,66717211384272.0,1586849191142.0,1586849463173.0,1586849357832.0,1586849412375.0,1.0,8.0,34.558,67284192544332.0,FFFF82D080327610,FFFF9B4477C23780,FFFF8300EF687F70,0,FFFF9B4477C23780,0,1,1,0,0,0,FFFF9B447623C100,FFFF9B43F5F06000,0,0,769592.0,0.0,0.0,1515.0,1.0,1.0,4.0,1509.0,ping_37_192.168.66.103_1586849181122.csv,ping_37_192.168.66.101_1586849181122.csv,ping_37_192.168.66.102_1586849181122.csv,ping_37_192.168.66.3_1586849181122.csv,sar_37_1586849181122.bin,d37_1586849181122.csv,14229.0,258321.65534554518
1586849790671.0,129046.0,1586850342155.0,40688.0,372.0,56512.0,144.0,15.0,66.0,108.0,11403.0,140.0,12173.0,1839.0,1586850023180.0,1586850044611.0,68054548069124.0,1586849800458.0,1586850058944.0,1586849964662.0,1586850021174.0,1.0,59.0,21.427,68591759871956.0,FFFF82D080327610,FFFFA1BB80003E60,FFFF8300EF687F70,FFFFFFFF8382FC80,FFFFFFFFFFFFFFFF,FFFE5276,1,0,0,0,0,FFFFA1BB80203C98,0,655460F28A,FFFF91A8F7C20140,769592.0,0.0,0.0,1515.0,1.0,1.0,4.0,1509.0,ping_38_192.168.66.103_1586849790671.csv,ping_38_192.168.66.101_1586849790671.csv,ping_38_192.168.66.102_1586849790671.csv,ping_38_192.168.66.3_1586849790671.csv,sar_38_1586849790671.bin,d38_1586849790671.csv,14333.0,244758.4716290068
1586850347188.0,135930.0,1586850913329.0,47746.0,321.0,58444.0,157.0,14.0,67.0,99.0,11324.0,136.0,12109.0,2057.0,1586850588530.0,1586850617791.0,69276052273490.0,1586850356999.0,1586850632190.0,1586850528080.0,1586850586524.0,1.0,40.0,29.257,69849321274046.0,FFFF82D080327610,7FF7EDEFD940,FFFF8300EF687F70,1,1,1,7FF7EDEFD980,7FF7EDEFD980,7FFC383440B0,20,206,7FF7EDEFD980,7FF7D30AF230,7FF7EDEFDAA0,7FF7DC0AFAE0,769592.0,0.0,0.0,1515.0,1.0,1.0,4.0,1509.0,ping_39_192.168.66.103_1586850347188.csv,ping_39_192.168.66.101_1586850347188.csv,ping_39_192.168.66.102_1586850347188.csv,ping_39_192.168.66.3_1586850347188.csv,sar_39_1586850347188.bin,d39_1586850347188.csv,14399.0,261186.45135623377
1586850918362.0,140277.0,1586851485811.0,44988.0,299.0,58655.0,144.0,15.0,74.0,135.0,11935.0,136.0,12746.0,2041.0,1586851156656.0,1586851187108.0,70529618773676.0,1586850928148.0,1586851201255.0,1586851095995.0,1586851154650.0,1.0,14.0,30.448,71098926332848.0,FFFF82D0803276EE,0,FFFF8300EF687EF8,1,FFFF8300EF662000,48,0,0,0,0,0,0,0,0,0,769592.0,0.0,0.0,1515.0,1.0,1.0,4.0,1509.0,ping_40_192.168.66.103_1586850918362.csv,ping_40_192.168.66.101_1586850918362.csv,ping_40_192.168.66.102_1586850918362.csv,ping_40_192.168.66.3_1586850918362.csv,sar_40_1586850918362.bin,d40_1586850918362.csv,14147.0,259381.5834559301
1586851490844.0,135499.0,1586852055144.0,40854.0,422.0,56116.0,177.0,14.0,83.0,115.0,11684.0,90.0,12455.0,2060.0,1586851723169.0,1586851762589.0,71786734017420.0,1586851500914.0,1586851777158.0,1586851665048.0,1586851721164.0,0.0,56.0,39.415,72362381635842.0,FFFF82D080327610,2F3792AF6C,FFFF8300EF687F70,FFFFFFFFA5E2FC80,0,FFFF8FBD77C20238,FFFF8FBD77C201F8,0,0,0,0,FFFF8FBD77C201B8,FFFF8FBD77C2010C,FFFF8FBD77C201F8,3333E,769592.0,0.0,0.0,1515.0,1.0,1.0,4.0,1509.0,ping_41_192.168.66.103_1586851490844.csv,ping_41_192.168.66.101_1586851490844.csv,ping_41_192.168.66.102_1586851490844.csv,ping_41_192.168.66.3_1586851490844.csv,sar_41_1586851490844.bin,d41_1586851490844.csv,14569.0,262270.1707950147
1586852060177.0,133346.0,1586852615259.0,48138.0,380.0,57122.0,178.0,14.0,66.0,98.0,11957.0,109.0,12708.0,2081.0,1586852300119.0,1586852323452.0,73036203981028.0,1586852070197.0,1586852337736.0,1586852240992.0,1586852298114.0,0.0,24.0,23.328,73593298495510.0,FFFF82D08027D0FB,FFFF83032210F000,FFFF8300EF687D78,FFFF83032210F000,FFFF8300EF662000,0,FFFF82D0805C0178,2,3AD3A48CDE,FFFF830331500E80,FFFF82D0805BF500,0,FFFF8300EF7C3000,FFFF83033150F000,3,769592.0,0.0,0.0,1515.0,1.0,1.0,4.0,1509.0,ping_42_192.168.66.103_1586852060177.csv,ping_42_192.168.66.101_1586852060177.csv,ping_42_192.168.66.102_1586852060177.csv,ping_42_192.168.66.3_1586852060177.csv,sar_42_1586852060177.bin,d42_1586852060177.csv,14284.0,253817.21175653173
1586852620290.0,128936.0,1586853176817.0,43388.0,373.0,56670.0,149.0,15.0,75.0,137.0,11242.0,123.0,12049.0,2140.0,1586852856161.0,1586852874828.0,74265664222086.0,1586852630362.0,1586852889350.0,1586852797485.0,1586852854155.0,1.0,56.0,18.663,74803944093176.0,FFFF82D080276E6C,FFFF8303253B2000,FFFF8300EF687D80,FFFF82D080276E6C,FFFF8300EF662000,0,0,8,38D6BC58D3,FFFF830331500E80,FFFF82D0805BF500,0,FFFF8300EF7C3000,FFFF83033150F000,FFFF8300EF687EF8,769592.0,0.0,0.0,1515.0,1.0,1.0,4.0,1509.0,ping_43_192.168.66.103_1586852620290.csv,ping_43_192.168.66.101_1586852620290.csv,ping_43_192.168.66.102_1586852620290.csv,ping_43_192.168.66.3_1586852620290.csv,sar_43_1586852620290.bin,d43_1586852620290.csv,14522.0,245245.09301938844
1586853181841.0,134938.0,1586853745291.0,45039.0,1251.0,54629.0,173.0,15.0,68.0,113.0,11859.0,299.0,12826.0,1870.0,1586853416150.0,1586853435073.0,75498087274530.0,1586853191878.0,1586853449383.0,1586853359515.0,1586853414144.0,1.0,41.0,18.919,76032759144886.0,FFFF82D0802AC9A9,1,FFFF8300EF687E00,FFFF08801F6E51D0,10,0,0,7FFFAE62E000,FFFF88801F6E51D0,0,0,FFFF88801F6E51D0,FFFF82D0802EC405,7FFFAE62E000,FFFF88801F6E51D0,769592.0,0.0,0.0,1515.0,1.0,1.0,4.0,1509.0,ping_44_192.168.66.103_1586853181841.csv,ping_44_192.168.66.101_1586853181841.csv,ping_44_192.168.66.102_1586853181841.csv,ping_44_192.168.66.3_1586853181841.csv,sar_44_1586853181841.bin,d44_1586853181841.csv,14310.0,243601.25582028963
1586853750322.0,133362.0,1586854278381.0,48121.0,296.0,59441.0,153.0,34.0,72.0,110.0,11092.0,104.0,11853.0,1876.0,1586853992799.0,1586854009821.0,76745874529680.0,1586853760394.0,1586854024409.0,1586853931353.0,1586853990794.0,0.0,58.0,17.017,77295080158244.0,FFFF82D080379248,FFFF8300EF662000,FFFF8300EF687EF8,0,FFFF8300EF7C3000,0,FFFF8300EF687FFF,0,8000000326C52000,3A040A20C2,FFFF82D0805BF500,FFFF83033150F000,FFFF8300EF687FFF,FFFF83033B20B000,0,769592.0,0.0,0.0,1515.0,1.0,1.0,4.0,1509.0,ping_45_192.168.66.103_1586853750322.csv,ping_45_192.168.66.101_1586853750322.csv,ping_45_192.168.66.102_1586853750322.csv,ping_45_192.168.66.3_1586853750322.csv,sar_45_1586853750322.bin,d45_1586853750322.csv,14588.0,250222.96522291805
1586854283414.0,132770.0,1586854837146.0,46304.0,364.0,54819.0,144.0,14.0,75.0,107.0,11455.0,86.0,12174.0,2055.0,1586854519680.0,1586854547789.0,77915598459668.0,1586854293342.0,1586854562110.0,1586854462856.0,1586854517675.0,1.0,37.0,28.104,78475265985080.0,FFFF82D08027A35E,FFFF8300EF7C3000,FFFF8300EF687DD8,1,FFFF8300EF662000,49,0,D01,3B1ADDA7DD,FFFF830331500E80,FFFF82D0805BF500,FFFF830322755000,0,FFFF83033150F000,F4240,769592.0,0.0,0.0,1515.0,1.0,1.0,4.0,1509.0,ping_46_192.168.66.103_1586854283414.csv,ping_46_192.168.66.101_1586854283414.csv,ping_46_192.168.66.102_1586854283414.csv,ping_46_192.168.66.3_1586854283414.csv,sar_46_1586854283414.bin,d46_1586854283414.csv,14321.0,254989.49840286304
1586854842177.0,129110.0,1586855386470.0,40888.0,1073.0,58050.0,144.0,15.0,66.0,98.0,11235.0,99.0,11949.0,2088.0,1586855073791.0,1586855095438.0,79141729741208.0,1586854851991.0,1586855110207.0,1586855013736.0,1586855071786.0,1.0,53.0,21.642,79677904893488.0,FFFF82D080327610,0,FFFF8300EF687F70,86,2C89,0,2C88,0,0,0,0,86,0,0,0,769592.0,0.0,0.0,1515.0,1.0,1.0,4.0,1509.0,ping_47_192.168.66.103_1586854842177.csv,ping_47_192.168.66.101_1586854842177.csv,ping_47_192.168.66.102_1586854842177.csv,ping_47_192.168.66.3_1586854842177.csv,sar_47_1586854842177.bin,d47_1586854842177.csv,14769.0,244286.16442469126
1586855391503.0,134481.0,1586855978653.0,46138.0,1262.0,58860.0,144.0,14.0,74.0,114.0,11850.0,126.0,12618.0,1892.0,1586855631037.0,1586855668889.0,80347888210076.0,1586855401540.0,1586855683079.0,1586855570172.0,1586855629032.0,1.0,30.0,37.847,80935635023888.0,FFFF82D08031F25D,FFFF83033150F000,FFFF8300EF687D78,FFFF82D0BFFFF000,FFFF8300EF662000,C0000082,FFFF82D0,8,3E109C0799,FFFF83032C114450,FFFF82D0805BF500,0,FFFF8300EF662000,FFFF830325346000,FFFF8300EF687EF8,769592.0,0.0,0.0,1515.0,1.0,1.0,4.0,1509.0,ping_48_192.168.66.103_1586855391503.csv,ping_48_192.168.66.101_1586855391503.csv,ping_48_192.168.66.102_1586855391503.csv,ping_48_192.168.66.3_1586855391503.csv,sar_48_1586855391503.bin,d48_1586855391503.csv,14190.0,267782.6717415422
1586855983684.0,128863.0,1586856546677.0,41172.0,409.0,55746.0,157.0,14.0,75.0,115.0,11281.0,101.0,12037.0,2053.0,1586856214871.0,1586856227403.0,81647473114478.0,1586855993656.0,1586856242184.0,1586856157119.0,1586856212865.0,1.0,13.0,12.528,82162251546978.0,FFFF82D08031F269,FFFF83033150F000,FFFF8300EF687D78,74700,FFFF8300EF662000,C0000084,0,8,2,365C71E6B0,FFFF82D0805BF500,0,FFFF8300EF662000,FFFF8303267A0000,FFFF8300EF687EF8,769592.0,0.0,0.0,1515.0,1.0,1.0,4.0,1509.0,ping_49_192.168.66.103_1586855983684.csv,ping_49_192.168.66.101_1586855983684.csv,ping_49_192.168.66.102_1586855983684.csv,ping_49_192.168.66.3_1586855983684.csv,sar_49_1586855983684.bin,d49_1586855983684.csv,14781.0,234537.62873798618
1586856551703.0,130986.0,1586857102959.0,42313.0,271.0,58194.0,144.0,14.0,75.0,122.0,11656.0,109.0,12411.0,1835.0,1586856786852.0,1586856819441.0,82894931151512.0,1586856562022.0,1586856833899.0,1586856726653.0,1586856784847.0,0.0,47.0,32.584,83460905095958.0,FFFF82D080327610,2E1036625D,FFFF8300EF687F70,FFFFFFFFB842FC80,1605A5B0B94B25A3,D916642F66C5DD46,A8ABEF20FC6C8CB1,134E674412B2527,31370E83C95046AC,0,1,34DCE,0,FFFFFFFFB9B07858,FFFFFFFFB90CE500,769592.0,0.0,0.0,1515.0,1.0,1.0,4.0,1509.0,ping_50_192.168.66.103_1586856551703.csv,ping_50_192.168.66.101_1586856551703.csv,ping_50_192.168.66.102_1586856551703.csv,ping_50_192.168.66.3_1586856551703.csv,sar_50_1586856551703.bin,d50_1586856551703.csv,14458.0,257862.75896057388
1586857107991.0,131092.0,1586858071588.0,45296.0,305.0,58078.0,157.0,15.0,74.0,107.0,11623.0,170.0,12454.0,2077.0,1586857346001.0,1586857360968.0,84114606164846.0,1586857117729.0,1586857375282.0,1586857285918.0,1586857343996.0,0.0,33.0,14.962,84649884696138.0,FFFF82D080376B56,0,FFFF8300EF687EF0,7FF00FA22916,FFFF8300EF7C3000,0,FFFF8300EF7C35A8,0,0,0,0,0,0,0,0,769592.0,0.0,0.0,1515.0,1.0,1.0,4.0,1509.0,ping_51_192.168.66.103_1586857107991.csv,ping_51_192.168.66.101_1586857107991.csv,ping_51_192.168.66.102_1586857107991.csv,ping_51_192.168.66.3_1586857107991.csv,sar_51_1586857107991.bin,d51_1586857107991.csv,14314.0,243877.65593419186
1586858076621.0,131804.0,1586858570886.0,44121.0,363.0,56021.0,132.0,15.0,74.0,125.0,11421.0,106.0,12188.0,1843.0,1586858312405.0,1586858326757.0,86241683986538.0,1586858086867.0,1586858341120.0,1586858254378.0,1586858310399.0,1.0,51.0,14.347,86769513648962.0,FFFF82D080327610,7F9B9A956130,FFFF8300EF687F70,1,7F9B9A956170,7F9D0547B4D0,7F9B9A956140,7F9B9A956140,7FFF865420A0,7F9D19518DBE,7F9D19518D98,0,7F9B9A9561F8,7F9B9A9561D0,7F9D0019A000,769592.0,0.0,0.0,1515.0,1.0,1.0,4.0,1509.0,ping_52_192.168.66.103_1586858076621.csv,ping_52_192.168.66.101_1586858076621.csv,ping_52_192.168.66.102_1586858076621.csv,ping_52_192.168.66.3_1586858076621.csv,sar_52_1586858076621.bin,d52_1586858076621.csv,14363.0,240483.88507903676
1586858575919.0,133963.0,1586859125594.0,41529.0,565.0,57764.0,145.0,14.0,47.0,115.0,11541.0,108.0,12255.0,2074.0,1586858808724.0,1586858818882.0,87337368251316.0,1586858586081.0,1586858833272.0,1586858748955.0,1586858806719.0,0.0,21.0,10.153,87849579274494.0,FFFF82D080327610,287C848C11,FFFF8300EF687F70,FFFFFFFF9E02FC80,2B7EA,FFFFB6AE8082BCF8,FFFFB6AE80963A30,FFFFB6AE8082BCF8,FFFFB6AE8082BCF9,0,0,0,FFFFFFFF9E109E60,FFFF943577C20680,FFFF943577C20140,769592.0,0.0,0.0,1515.0,1.0,1.0,4.0,1509.0,ping_53_192.168.66.103_1586858575919.csv,ping_53_192.168.66.101_1586858575919.csv,ping_53_192.168.66.102_1586858575919.csv,ping_53_192.168.66.3_1586858575919.csv,sar_53_1586858575919.bin,d53_1586858575919.csv,14390.0,233367.89423404174
1586859130627.0,132251.0,1586859673976.0,43396.0,400.0,55415.0,158.0,15.0,67.0,106.0,11568.0,109.0,12332.0,1946.0,1586859363631.0,1586859374095.0,88554629010580.0,1586859140689.0,1586859388483.0,1586859306210.0,1586859361625.0,1.0,6.0,10.46,89067967019648.0,FFFF82D080327610,FFFF9B3377C23780,FFFF8300EF687F70,0,FFFF9B3377C23780,0,1,1,0,0,0,FFFF9B3374D78000,FFFF9B33326B5E00,0,0,769592.0,0.0,0.0,1515.0,1.0,1.0,4.0,1509.0,ping_54_192.168.66.103_1586859130627.csv,ping_54_192.168.66.101_1586859130627.csv,ping_54_192.168.66.102_1586859130627.csv,ping_54_192.168.66.3_1586859130627.csv,sar_54_1586859130627.bin,d54_1586859130627.csv,14388.0,233881.35902116986
1586859679009.0,128620.0,1586860231650.0,41312.0,1407.0,55808.0,161.0,14.0,66.0,101.0,11599.0,120.0,12354.0,1829.0,1586859911476.0,1586859941279.0,89759177536464.0,1586859689504.0,1586859955352.0,1586859853662.0,1586859909470.0,0.0,16.0,29.798,90312726315048.0,FFFF82D080327610,0,FFFF8300EF687F70,0,FFFF8E6CB7C23780,1,1,0,184E,0,0,23780,FFFF8E6C89ABC100,FFFF8E6CB7C20680,FFFF8E6CB7C20140,769592.0,0.0,0.0,1515.0,1.0,1.0,4.0,1509.0,ping_55_192.168.66.103_1586859679009.csv,ping_55_192.168.66.101_1586859679009.csv,ping_55_192.168.66.102_1586859679009.csv,ping_55_192.168.66.3_1586859679009.csv,sar_55_1586859679009.bin,d55_1586859679009.csv,14073.0,252201.74297006876
1586860236682.0,137707.0,1586860796341.0,41605.0,282.0,57768.0,170.0,34.0,87.0,112.0,11596.0,108.0,12444.0,2111.0,1586860470836.0,1586860498993.0,90982107777432.0,1586860246695.0,1586860513628.0,1586860411063.0,1586860468831.0,1.0,17.0,28.152,91537635557824.0,FFFF82D080327610,0,FFFF8300EF687F70,89,2C89,0,2C88,0,0,0,0,86,0,0,0,769592.0,0.0,0.0,1515.0,1.0,1.0,4.0,1509.0,ping_56_192.168.66.103_1586860236682.csv,ping_56_192.168.66.101_1586860236682.csv,ping_56_192.168.66.102_1586860236682.csv,ping_56_192.168.66.3_1586860236682.csv,sar_56_1586860236682.bin,d56_1586860236682.csv,14635.0,253103.3937813943
1586860801374.0,131577.0,1586861359223.0,42104.0,342.0,60323.0,190.0,15.0,66.0,106.0,11163.0,137.0,11981.0,2069.0,1586861040283.0,1586861068047.0,92221646489670.0,1586860811452.0,1586861082295.0,1586860977954.0,1586861038277.0,1.0,52.0,27.759,92785842285558.0,FFFF82D080327610,5,FFFF8300EF687F70,10BE3,FFFF99964FCE39C0,0,1,73746E657665,8080808080808080,0,1,10BE3,FFFFFFFFB07D5A00,1,0,769592.0,0.0,0.0,1515.0,1.0,1.0,4.0,1509.0,ping_57_192.168.66.103_1586860801374.csv,ping_57_192.168.66.101_1586860801374.csv,ping_57_192.168.66.102_1586860801374.csv,ping_57_192.168.66.3_1586860801374.csv,sar_57_1586860801374.bin,d57_1586860801374.csv,14248.0,257052.61867495268
1586861364256.0,135762.0,1586861924380.0,42313.0,493.0,58252.0,149.0,15.0,65.0,107.0,11830.0,105.0,12575.0,1819.0,1586861599706.0,1586861640991.0,93456849490484.0,1586861374234.0,1586861655244.0,1586861539449.0,1586861597701.0,0.0,53.0,41.28,94043409047424.0,FFFF82D0BFFFF047,FFFF888005AA8130,FFFF8300EF687A70,0,FFFF888005AA8000,0,3F6,0,FFFFFFFFC01A1C40,FFFF8880200004B8,0,FFFF888005AA8130,1,0,0,769592.0,0.0,0.0,1515.0,1.0,1.0,4.0,1509.0,ping_58_192.168.66.103_1586861364256.csv,ping_58_192.168.66.101_1586861364256.csv,ping_58_192.168.66.102_1586861364256.csv,ping_58_192.168.66.3_1586861364256.csv,sar_58_1586861364256.bin,d58_1586861364256.csv,14253.0,267241.74695938017
1586861929411.0,139595.0,1586862489171.0,40988.0,352.0,57093.0,141.0,32.0,67.0,128.0,12047.0,110.0,12829.0,1866.0,1586862162272.0,1586862182822.0,94697595039140.0,1586861939542.0,1586862197169.0,1586862103173.0,1586862160266.0,1.0,18.0,20.545,95232524193338.0,FFFF82D080327610,2B0EA60C88,FFFF8300EF687F70,FFFFFFFFACA2FC80,0,FFFF89AA37C20238,FFFF89AA37C201F8,0,0,0,0,FFFF89AA37C201B8,FFFF89AA37C2010C,FFFF89AA37C201F8,30642,769592.0,0.0,0.0,1515.0,1.0,1.0,4.0,1509.0,ping_59_192.168.66.103_1586861929411.csv,ping_59_192.168.66.101_1586861929411.csv,ping_59_192.168.66.102_1586861929411.csv,ping_59_192.168.66.3_1586861929411.csv,sar_59_1586861929411.bin,d59_1586861929411.csv,14347.0,243718.47662521387
